{
  "version": "1.1.1",
  "windows": {
    "main": {
      "main": true,
      "url": "app://editor/index.html",
      "windowType": "dockable",
      "x": 0,
      "y": 0,
      "width": 1536,
      "height": 824,
      "layout": {
        "children": [
          {
            "children": [
              {
                "active": 0,
                "children": [
                  "hierarchy"
                ],
                "height": 349.1000061035156,
                "type": "panel",
                "width": 204.0500030517578
              },
              {
                "active": 0,
                "children": [
                  "assets"
                ],
                "height": 356.1000061035156,
                "type": "panel",
                "width": 204.0500030517578
              }
            ],
            "height": 708.2000122070312,
            "type": "dock-v",
            "width": 204.0500030517578
          },
          {
            "children": [
              {
                "children": [
                  {
                    "active": 0,
                    "children": [
                      "scene"
                    ],
                    "height": 360.1000061035156,
                    "type": "panel",
                    "width": 398.1000061035156
                  },
                  {
                    "active": 0,
                    "children": [
                      "node-library"
                    ],
                    "height": 360.1000061035156,
                    "type": "panel",
                    "width": 442.1125183105469
                  }
                ],
                "height": 360.1000061035156,
                "type": "dock-h",
                "width": 843.2250366210938
              },
              {
                "active": 1,
                "children": [
                  "console",
                  "timeline",
                  "game-window"
                ],
                "height": 345.1000061035156,
                "type": "panel",
                "width": 843.2250366210938
              }
            ],
            "height": 708.2000122070312,
            "type": "dock-v",
            "width": 843.2250366210938
          },
          {
            "active": 0,
            "children": [
              "inspector",
              "cocos-services"
            ],
            "height": 708.2000122070312,
            "type": "panel",
            "width": 469.125
          }
        ],
        "type": "dock-h"
      },
      "panels": [
        "hierarchy",
        "assets",
        "scene",
        "node-library",
        "console",
        "timeline",
        "game-window",
        "inspector",
        "cocos-services"
      ]
    }
  },
  "panels": {
    "project-settings": {
      "x": 476,
      "y": 128,
      "width": 604,
      "height": 568
    },
    "preferences": {
      "x": 476,
      "y": 128,
      "width": 604,
      "height": 568
    },
    "sprite-editor": {
      "x": 508,
      "y": 128,
      "width": 516,
      "height": 540
    }
  },
  "panelLabelWidth": {
    "inspector": null,
    "preferences": null
  }
}
