{
  "29f52784-2fca-467b-92e7-8fd9ef8c57b7": {
    "asset": 1598864155042,
    "meta": 1598864280817,
    "relativePath": "Scene"
  },
  "4734c20c-0db8-4eb2-92ea-e692f4d70934": {
    "asset": 1598864155290,
    "meta": 1598864280844,
    "relativePath": "Script"
  },
  "7b81d4e8-ec84-4716-968d-500ac1d78a54": {
    "asset": 1598864156250,
    "meta": 1598864280849,
    "relativePath": "Texture"
  },
  "2d2f792f-a40c-49bb-a189-ed176a246e49": {
    "asset": 1598864965401,
    "meta": 1598864965454,
    "relativePath": "Scene\\game.fire"
  },
  "0104c140-508b-41ab-9db4-8f1131d48cab": {
    "asset": 1598864156232,
    "meta": 1598864280863,
    "relativePath": "Texture\\image"
  },
  "b1d572c9-ba9c-4332-b15f-c9b752fbb941": {
    "asset": 1597389906855,
    "meta": 1597389907341,
    "relativePath": "Texture\\image\\big-crate.png"
  },
  "afa91e4b-c7b7-4883-91e6-b19d4861367c": {
    "asset": 1597389906855,
    "meta": 1597389907348,
    "relativePath": "Texture\\image\\back.png"
  },
  "bb7de0f0-bfc3-40ae-a500-bd849ade291f": {
    "asset": 1597389906855,
    "meta": 1597389907406,
    "relativePath": "Texture\\image\\block-big.png"
  },
  "6ba172db-1092-4e8e-a71c-e29ecbca1ad4": {
    "asset": 1597389906856,
    "meta": 1597389907413,
    "relativePath": "Texture\\image\\bush.png"
  },
  "e43c3912-c11c-4bc0-9b9b-0a74e4694fbb": {
    "asset": 1597389906856,
    "meta": 1597389907470,
    "relativePath": "Texture\\image\\cherry-1.png"
  },
  "102273fd-a30b-47cb-ab54-4c0a5967d2b3": {
    "asset": 1597389906856,
    "meta": 1597389907479,
    "relativePath": "Texture\\image\\eagle-attack-1.png"
  },
  "6aa53a69-62c9-4bac-996f-c3851fc601d5": {
    "asset": 1597389906857,
    "meta": 1597389907533,
    "relativePath": "Texture\\image\\eagle-attack-2.png"
  },
  "56b5d46c-7b2a-4b43-8f62-5edb5558fbca": {
    "asset": 1597389906858,
    "meta": 1597389907542,
    "relativePath": "Texture\\image\\eagle-attack-3.png"
  },
  "487c11af-f441-4cf8-8690-02fa9f66e72e": {
    "asset": 1597389906859,
    "meta": 1597389907603,
    "relativePath": "Texture\\image\\eagle-attack-4.png"
  },
  "08379355-ac15-4e31-98d6-ce9654b8c788": {
    "asset": 1597389906858,
    "meta": 1597389907611,
    "relativePath": "Texture\\image\\enemy-death-1.png"
  },
  "1a6ad955-97db-4a46-8b70-2f1e5bdcfe71": {
    "asset": 1597389906859,
    "meta": 1597389907671,
    "relativePath": "Texture\\image\\enemy-death-2.png"
  },
  "95f75644-4a41-40d5-bb67-40861c028445": {
    "asset": 1597389906860,
    "meta": 1597389907681,
    "relativePath": "Texture\\image\\frog-jump-1.png"
  },
  "20a517bd-9eb6-44a0-823e-3e91c7ee0066": {
    "asset": 1597389906860,
    "meta": 1597389907743,
    "relativePath": "Texture\\image\\frog-jump-2.png"
  },
  "31e0b6f1-4356-4130-87d7-0169c0119af8": {
    "asset": 1597389906861,
    "meta": 1597389907751,
    "relativePath": "Texture\\image\\gem-1.png"
  },
  "0596c9ad-d09a-4d4a-a508-a46027f93f7f": {
    "asset": 1597389906861,
    "meta": 1597389907811,
    "relativePath": "Texture\\image\\house.png"
  },
  "bf531046-7257-4857-b7f6-b8c8a8c0bc97": {
    "asset": 1597389906861,
    "meta": 1597389907819,
    "relativePath": "Texture\\image\\item-feedback-1.png"
  },
  "8d847688-1aec-4d6b-9229-b1fa166aa9b5": {
    "asset": 1597389906862,
    "meta": 1597389907874,
    "relativePath": "Texture\\image\\opossum-1.png"
  },
  "c4f0198b-910c-4b9f-8ba9-641c1f063c9d": {
    "asset": 1597389906862,
    "meta": 1597389907883,
    "relativePath": "Texture\\image\\middle.png"
  },
  "0d6e067c-f145-46d9-9eb6-1c7b3935c64b": {
    "asset": 1597389906863,
    "meta": 1597389907942,
    "relativePath": "Texture\\image\\opossum-2.png"
  },
  "037e29c7-1e8b-4040-8e8e-5ae93338282f": {
    "asset": 1597389906863,
    "meta": 1597389907949,
    "relativePath": "Texture\\image\\opossum-3.png"
  },
  "17142c7c-5885-410e-8a89-d957a7d7dbc8": {
    "asset": 1597389906863,
    "meta": 1597389908011,
    "relativePath": "Texture\\image\\opossum-4.png"
  },
  "4cc6c48b-d5e3-499a-8f55-5ee6efd680c4": {
    "asset": 1597389906864,
    "meta": 1597389908018,
    "relativePath": "Texture\\image\\opossum-5.png"
  },
  "f9b8b049-9e72-490c-8c0f-e90ac20d4722": {
    "asset": 1597389906864,
    "meta": 1597389908164,
    "relativePath": "Texture\\image\\opossum-6.png"
  },
  "e8eb56ca-e211-44a8-9509-687c17e5e511": {
    "asset": 1597389906864,
    "meta": 1597389908171,
    "relativePath": "Texture\\image\\player-hurt-1.png"
  },
  "7c00a841-b053-4386-8a50-e9fa4957548f": {
    "asset": 1597389906868,
    "meta": 1597389908232,
    "relativePath": "Texture\\image\\player-jump-1.png"
  },
  "9fb74d70-914a-4245-afce-37d22fd8c190": {
    "asset": 1597389906869,
    "meta": 1597389908241,
    "relativePath": "Texture\\image\\player-jump-2.png"
  },
  "8383924e-1bfd-4850-9a69-da0333860ed7": {
    "asset": 1597389906869,
    "meta": 1597389908299,
    "relativePath": "Texture\\image\\player-run-1.png"
  },
  "cc74b500-6203-4e85-9bca-0c0fc39972ce": {
    "asset": 1597389906870,
    "meta": 1597389908306,
    "relativePath": "Texture\\image\\player-run-2.png"
  },
  "909b55b5-d143-4df2-b632-939012c93380": {
    "asset": 1597389906870,
    "meta": 1597389908362,
    "relativePath": "Texture\\image\\player-run-3.png"
  },
  "ffd60b8c-56a3-4091-8b06-002c910bb040": {
    "asset": 1597389906870,
    "meta": 1597389908370,
    "relativePath": "Texture\\image\\player-run-4.png"
  },
  "b37a6577-e593-48a6-b3da-fb3ecbc6f0ec": {
    "asset": 1597389906871,
    "meta": 1597389908431,
    "relativePath": "Texture\\image\\player-run-6.png"
  },
  "92e8aed7-c637-41d5-897b-9d6d740fc5e2": {
    "asset": 1597389906871,
    "meta": 1597389908440,
    "relativePath": "Texture\\image\\player-run-5.png"
  },
  "367d9c62-ae9a-469e-a530-10d847defc10": {
    "asset": 1597389906872,
    "meta": 1597389908503,
    "relativePath": "Texture\\image\\rock .png"
  },
  "e9bcd8ff-14ab-40e0-a245-b522e6c2bf61": {
    "asset": 1597389906872,
    "meta": 1597389908509,
    "relativePath": "Texture\\image\\tree.png"
  },
  "63f034e7-2270-4576-9a22-eb07af7d87d3": {
    "asset": 1598001786468,
    "meta": 1598001786526,
    "relativePath": "Texture\\image\\ground.png"
  },
  "a8fe0e81-88ca-4546-9762-30b4f7c6946a": {
    "asset": 1598864156657,
    "meta": 1598864280869,
    "relativePath": "Texture\\one-two-step-res"
  },
  "03168de3-e9a5-49dd-b42c-9021ecd766d6": {
    "asset": 1598864156512,
    "meta": 1598864280902,
    "relativePath": "Texture\\one-two-step-res\\audios"
  },
  "0104830f-baa4-4165-a58b-ea7aa788fab5": {
    "asset": 1598001980734,
    "meta": 1598001983245,
    "relativePath": "Texture\\one-two-step-res\\audios\\heroDead.mp3"
  },
  "0f87062b-8dd6-4840-9a1e-e609fabd6c20": {
    "asset": 1598001980734,
    "meta": 1598001983251,
    "relativePath": "Texture\\one-two-step-res\\audios\\one.mp3"
  },
  "2620faa3-62d0-4399-8e0b-88d9c42ad0e5": {
    "asset": 1598864156635,
    "meta": 1598864280906,
    "relativePath": "Texture\\one-two-step-res\\fonts"
  },
  "fec21023-a549-4bb7-9742-937aa87a3aff": {
    "asset": 1598001980740,
    "meta": 1598001983582,
    "relativePath": "Texture\\one-two-step-res\\fonts\\mikado_outline_shadow.fnt"
  },
  "8f96ae87-2276-4e76-a719-5e1fe994c6c8": {
    "asset": 1598001980734,
    "meta": 1598001983281,
    "relativePath": "Texture\\one-two-step-res\\audios\\two.mp3"
  },
  "2955fff0-0c1c-4e7a-9458-614ea0cf7e2e": {
    "asset": 1598864156976,
    "meta": 1598864280919,
    "relativePath": "Texture\\one-two-step-res\\textures"
  },
  "8ffe5ec9-4582-4e00-b31b-95786ea8fa6c": {
    "asset": 1598001980742,
    "meta": 1598001983379,
    "relativePath": "Texture\\one-two-step-res\\fonts\\mikado_outline_shadow.png"
  },
  "d46d2095-07ad-4c83-b02b-4fc66bed2a2d": {
    "asset": 1598001980734,
    "meta": 1598001983385,
    "relativePath": "Texture\\one-two-step-res\\textures\\background.jpg"
  },
  "b4cbde28-fc76-4eaf-b5a8-fd9d968b09dc": {
    "asset": 1598001980736,
    "meta": 1598001983430,
    "relativePath": "Texture\\one-two-step-res\\textures\\green_btn.png"
  },
  "ab8d7360-2e18-47df-a0a1-47d108613243": {
    "asset": 1598001980735,
    "meta": 1598001983437,
    "relativePath": "Texture\\one-two-step-res\\textures\\circle_btn.png"
  },
  "9c25b5c8-9841-4e81-8463-6a17a22b03b5": {
    "asset": 1598001980735,
    "meta": 1598001983495,
    "relativePath": "Texture\\one-two-step-res\\textures\\player.png"
  },
  "21480122-5f28-40b3-a698-6260ec627814": {
    "asset": 1598001980735,
    "meta": 1598001983502,
    "relativePath": "Texture\\one-two-step-res\\textures\\ground.png"
  },
  "5747ab82-2840-4967-8e2d-ceeee339b262": {
    "asset": 1598001980736,
    "meta": 1598001983566,
    "relativePath": "Texture\\one-two-step-res\\textures\\star.png"
  },
  "1f54b5be-0b4f-48d9-8cf6-04a33e798060": {
    "asset": 1598864154890,
    "meta": 1598864280812,
    "relativePath": "Prefabs"
  },
  "0914364e-b39c-4c65-8c1c-13a63236382e": {
    "asset": 1598523903853,
    "meta": 1598523903857,
    "relativePath": "Prefabs\\gem.prefab"
  },
  "cc56ab30-dff1-4d51-8491-149c2a8a70b1": {
    "asset": 1598858431015,
    "meta": 1598858431019,
    "relativePath": "Prefabs\\rocks.prefab"
  },
  "95c11db7-9075-446e-af13-ec7f63a9bb40": {
    "asset": 1598350490770,
    "meta": 1598517388449,
    "relativePath": "Script\\rock.js"
  },
  "e5e78b2e-2fbb-4aef-8a5c-cb0cdea15c60": {
    "asset": 1598409852717,
    "meta": 1598409938841,
    "relativePath": "Script\\storage.js"
  },
  "91ad1e2d-ae3f-45c3-87de-f395511c4789": {
    "asset": 1598858423455,
    "meta": 1598858423459,
    "relativePath": "Prefabs\\rock.prefab"
  },
  "b594d1d6-2944-4d17-8d98-d120c2258458": {
    "asset": 1598519048998,
    "meta": 1598519050420,
    "relativePath": "Script\\ground.js"
  },
  "24d58386-109c-415b-bd13-04b36632fbfb": {
    "asset": 1598521529547,
    "meta": 1598521529625,
    "relativePath": "Texture\\image\\heart.png"
  },
  "27c32be4-9688-4827-adfc-fb8444736637": {
    "asset": 1598693931283,
    "meta": 1598693933720,
    "relativePath": "Script\\gem.js"
  },
  "2f57b005-2100-4110-9565-432eb7ca52ab": {
    "asset": 1598716310776,
    "meta": 1598716310804,
    "relativePath": "fox.anim"
  },
  "280c3aec-6492-4a9d-9f51-a9b00b570b4a": {
    "asset": 1598716382099,
    "meta": 1598716393737,
    "relativePath": "Script\\player.js"
  },
  "3d74067e-5c00-46e4-bc8a-07b7ff7f541c": {
    "asset": 1598858406744,
    "meta": 1598858406784,
    "relativePath": "Scene\\start.fire"
  },
  "f109d76d-9a16-4cec-9bf9-c23f99527c20": {
    "asset": 1598781313505,
    "meta": 1598781313531,
    "relativePath": "Scene\\help.fire"
  },
  "f9308418-ed43-4209-ad69-fd60936e6087": {
    "asset": 1598857928014,
    "meta": 1598857931084,
    "relativePath": "Script\\constant.js"
  },
  "70b81fc3-4111-4a3e-9575-85b67dd6c6ba": {
    "asset": 1598858320260,
    "meta": 1598858322698,
    "relativePath": "Script\\start.js"
  },
  "c28404e4-2675-46f9-b13b-669f38dc9c74": {
    "asset": 1598858381312,
    "meta": 1598858386568,
    "relativePath": "Script\\help.js"
  },
  "75fab9eb-ebc6-4d3a-b261-175bdbfc1859": {
    "asset": 1598860069268,
    "meta": 1598860069273,
    "relativePath": "Prefabs\\cherry.prefab"
  },
  "3002d460-ae66-493e-89dd-48e4461bf93d": {
    "asset": 1598860006351,
    "meta": 1598860032136,
    "relativePath": "Script\\cherry.js"
  },
  "a70cc9d5-d14f-4e9e-b52f-1b8b8e3745b3": {
    "asset": 1598862500174,
    "meta": 1598862958438,
    "relativePath": "Script\\game.js"
  },
  "9836134e-b892-4283-b6b2-78b5acf3ed45": {
    "asset": 1595729448160,
    "meta": 1598864254368,
    "relativePath": "effects"
  },
  "430eccbf-bf2c-4e6e-8c0c-884bbb487f32": {
    "asset": 1595729448139,
    "meta": 1598864254501,
    "relativePath": "effects\\__builtin-editor-gizmo-line.effect"
  },
  "6c5cf6e1-b044-4eac-9431-835644d57381": {
    "asset": 1595729448148,
    "meta": 1598864254559,
    "relativePath": "effects\\__builtin-editor-gizmo-unlit.effect"
  },
  "115286d1-2e10-49ee-aab4-341583f607e8": {
    "asset": 1595729448157,
    "meta": 1598864254715,
    "relativePath": "effects\\__builtin-editor-gizmo.effect"
  },
  "abc2cb62-7852-4525-a90d-d474487b88f2": {
    "asset": 1595729448113,
    "meta": 1598864255062,
    "relativePath": "effects\\builtin-phong.effect"
  },
  "e2f00085-c597-422d-9759-52c360279106": {
    "asset": 1595729448125,
    "meta": 1598864255303,
    "relativePath": "effects\\builtin-toon.effect"
  },
  "f8e6b000-5643-4b86-9080-aa680ce1f599": {
    "asset": 1595729448420,
    "meta": 1598864255308,
    "relativePath": "image"
  },
  "e851e89b-faa2-4484-bea6-5c01dd9f06e2": {
    "asset": 1595729448194,
    "meta": 1598864255414,
    "relativePath": "image\\default_btn_normal.png"
  },
  "71561142-4c83-4933-afca-cb7a17f67053": {
    "asset": 1595729448184,
    "meta": 1598864255406,
    "relativePath": "image\\default_btn_disabled.png"
  },
  "b43ff3c2-02bb-4874-81f7-f2dea6970f18": {
    "asset": 1595729448208,
    "meta": 1598864255490,
    "relativePath": "image\\default_btn_pressed.png"
  },
  "edd215b9-2796-4a05-aaf5-81f96c9281ce": {
    "asset": 1595729448221,
    "meta": 1598864255483,
    "relativePath": "image\\default_editbox_bg.png"
  },
  "d81ec8ad-247c-4e62-aa3c-d35c4193c7af": {
    "asset": 1595729448232,
    "meta": 1598864255542,
    "relativePath": "image\\default_panel.png"
  },
  "99170b0b-d210-46f1-b213-7d9e3f23098a": {
    "asset": 1595729448251,
    "meta": 1598864255549,
    "relativePath": "image\\default_progressbar_bg.png"
  },
  "567dcd80-8bf4-4535-8a5a-313f1caf078a": {
    "asset": 1595729448265,
    "meta": 1598864255617,
    "relativePath": "image\\default_radio_button_off.png"
  },
  "cfef78f1-c8df-49b7-8ed0-4c953ace2621": {
    "asset": 1595729448241,
    "meta": 1598864255611,
    "relativePath": "image\\default_progressbar.png"
  },
  "9d60001f-b5f4-4726-a629-2659e3ded0b8": {
    "asset": 1595729448273,
    "meta": 1598864255684,
    "relativePath": "image\\default_radio_button_on.png"
  },
  "4bab67cb-18e6-4099-b840-355f0473f890": {
    "asset": 1595729448314,
    "meta": 1598864255690,
    "relativePath": "image\\default_scrollbar_bg.png"
  },
  "d6d3ca85-4681-47c1-b5dd-d036a9d39ea2": {
    "asset": 1595729448324,
    "meta": 1598864255748,
    "relativePath": "image\\default_scrollbar_vertical.png"
  },
  "617323dd-11f4-4dd3-8eec-0caf6b3b45b9": {
    "asset": 1595729448333,
    "meta": 1598864255742,
    "relativePath": "image\\default_scrollbar_vertical_bg.png"
  },
  "0275e94c-56a7-410f-bd1a-fc7483f7d14a": {
    "asset": 1595729448359,
    "meta": 1598864255795,
    "relativePath": "image\\default_sprite_splash.png"
  },
  "0291c134-b3da-4098-b7b5-e397edbe947f": {
    "asset": 1595729448296,
    "meta": 1598864255804,
    "relativePath": "image\\default_scrollbar.png"
  },
  "6e056173-d285-473c-b206-40a7fff5386e": {
    "asset": 1595729448346,
    "meta": 1598864255859,
    "relativePath": "image\\default_sprite.png"
  },
  "73a0903d-d80e-4e3c-aa67-f999543c08f5": {
    "asset": 1595729448373,
    "meta": 1598864255866,
    "relativePath": "image\\default_toggle_checkmark.png"
  },
  "c25b9d50-c8fc-4d27-beeb-6e7c1f2e5c0f": {
    "asset": 1595729448392,
    "meta": 1598864255929,
    "relativePath": "image\\default_toggle_disabled.png"
  },
  "d29077ba-1627-4a72-9579-7b56a235340c": {
    "asset": 1595729448405,
    "meta": 1598864255923,
    "relativePath": "image\\default_toggle_normal.png"
  },
  "b181c1e4-0a72-4a91-bfb0-ae6f36ca60bd": {
    "asset": 1595729448416,
    "meta": 1598864255971,
    "relativePath": "image\\default_toggle_pressed.png"
  },
  "5c3eedba-6c41-4c0c-9ba7-d91f813cbd1c": {
    "asset": 1595729448437,
    "meta": 1598864255979,
    "relativePath": "materials"
  },
  "600301aa-3357-4a10-b086-84f011fa32ba": {
    "asset": 1595729448174,
    "meta": 1598864256008,
    "relativePath": "image\\default-particle.png"
  },
  "fc09f9bd-2cce-4605-b630-8145ef809ed6": {
    "asset": 1595729448470,
    "meta": 1598864256003,
    "relativePath": "misc"
  },
  "c4480a0a-6ac5-443f-8b40-361a14257fc8": {
    "asset": 1595729448434,
    "meta": 1598864258314,
    "relativePath": "materials\\builtin-phong.mtl"
  },
  "db019bf7-f71c-4111-98cf-918ea180cb48": {
    "asset": 1595729448597,
    "meta": 1598864256012,
    "relativePath": "model"
  },
  "e39e96e6-6f6e-413f-bcf1-ac7679bb648a": {
    "asset": 1595729448573,
    "meta": 1598864256016,
    "relativePath": "model\\prefab"
  },
  "a87cc147-01b2-43f8-8e42-a7ca90b0c757": {
    "asset": 1598864256027,
    "meta": 1598864256031,
    "relativePath": "model\\prefab\\box.prefab"
  },
  "fe1417b6-fe6b-46a4-ae7c-9fd331f33a2a": {
    "asset": 1598864256038,
    "meta": 1598864256042,
    "relativePath": "model\\prefab\\capsule.prefab"
  },
  "2be36297-9abb-4fee-8049-9ed5e271da8a": {
    "asset": 1595729448466,
    "meta": 1598864256071,
    "relativePath": "misc\\default_video.mp4"
  },
  "b5fc2cf2-7942-483d-be1f-bbeadc4714ad": {
    "asset": 1598864256049,
    "meta": 1598864256053,
    "relativePath": "model\\prefab\\cone.prefab"
  },
  "1c5e4038-953a-44c2-b620-0bbfc6170477": {
    "asset": 1598864256060,
    "meta": 1598864256064,
    "relativePath": "model\\prefab\\cylinder.prefab"
  },
  "3f376125-a699-40ca-ad05-04d662eaa1f2": {
    "asset": 1598864256077,
    "meta": 1598864256081,
    "relativePath": "model\\prefab\\plane.prefab"
  },
  "6c9ef10d-b479-420b-bfe6-39cdda6a8ae0": {
    "asset": 1598864256093,
    "meta": 1598864256096,
    "relativePath": "model\\prefab\\quad.prefab"
  },
  "2d9a4b85-b0ab-4c46-84c5-18f393ab2058": {
    "asset": 1598864256103,
    "meta": 1598864256106,
    "relativePath": "model\\prefab\\sphere.prefab"
  },
  "de510076-056b-484f-b94c-83bef217d0e1": {
    "asset": 1598864256153,
    "meta": 1598864256156,
    "relativePath": "model\\prefab\\torus.prefab"
  },
  "f6e6dd15-71d1-4ffe-ace7-24fd39942c05": {
    "asset": 1595729448633,
    "meta": 1598864256159,
    "relativePath": "obsolete"
  },
  "8a96b965-2dc0-4e03-aa90-3b79cb93b5b4": {
    "asset": 1595729448629,
    "meta": 1598864256337,
    "relativePath": "obsolete\\atom.png"
  },
  "f743d2b6-b7ea-4c14-a55b-547ed4d0a045": {
    "asset": 1595729448671,
    "meta": 1598864256341,
    "relativePath": "particle"
  },
  "b8223619-7e38-47c4-841f-9160c232495a": {
    "asset": 1595729448620,
    "meta": 1598864258554,
    "relativePath": "obsolete\\atom.plist"
  },
  "d0a82d39-bede-46c4-b698-c81ff0dedfff": {
    "asset": 1595729448667,
    "meta": 1598864256400,
    "relativePath": "particle\\atom.png"
  },
  "ae6c6c98-11e4-452f-8758-75f5c6a56e83": {
    "asset": 1595729448997,
    "meta": 1598864256404,
    "relativePath": "prefab"
  },
  "b2687ac4-099e-403c-a192-ff477686f4f5": {
    "asset": 1595729448656,
    "meta": 1598864258565,
    "relativePath": "particle\\atom.plist"
  },
  "897ef7a1-4860-4f64-968d-f5924b18668a": {
    "asset": 1598864256416,
    "meta": 1598864256420,
    "relativePath": "prefab\\2d-camera.prefab"
  },
  "70d7cdb0-04cd-41bb-9480-c06a4785f386": {
    "asset": 1598864256435,
    "meta": 1598864256439,
    "relativePath": "prefab\\3d-camera.prefab"
  },
  "70bbeb73-6dc2-4ee4-8faf-76b3a0e34ec4": {
    "asset": 1598864256457,
    "meta": 1598864256462,
    "relativePath": "prefab\\3d-particle.prefab"
  },
  "ed88f13d-fcad-4848-aa35-65a2cb973584": {
    "asset": 1598864256472,
    "meta": 1598864256476,
    "relativePath": "prefab\\3d-stage.prefab"
  },
  "972b9a4d-47ee-4c74-b5c3-61d8a69bc29f": {
    "asset": 1598864256486,
    "meta": 1598864256490,
    "relativePath": "prefab\\button.prefab"
  },
  "2c937608-2562-40ea-b264-7395df6f0cea": {
    "asset": 1598864256499,
    "meta": 1598864256503,
    "relativePath": "prefab\\canvas.prefab"
  },
  "61aeb05b-3b32-452b-8eed-2b76deeed554": {
    "asset": 1598864256512,
    "meta": 1598864256515,
    "relativePath": "prefab\\editbox.prefab"
  },
  "27756ebb-3d33-44b0-9b96-e858fadd4dd4": {
    "asset": 1598864256524,
    "meta": 1598864256528,
    "relativePath": "prefab\\label.prefab"
  },
  "785a442c-3ceb-45be-a46e-7317f625f3b9": {
    "asset": 1598864256537,
    "meta": 1598864256541,
    "relativePath": "prefab\\layout.prefab"
  },
  "a3ee0214-b432-4865-9666-4a3211814282": {
    "asset": 1595729448827,
    "meta": 1598864256547,
    "relativePath": "prefab\\light"
  },
  "61906da3-7003-4bda-9abc-5769c76faee4": {
    "asset": 1598864256557,
    "meta": 1598864256561,
    "relativePath": "prefab\\light\\ambient.prefab"
  },
  "ddb99b39-7004-47cd-9705-751905c43c46": {
    "asset": 1598864256572,
    "meta": 1598864256576,
    "relativePath": "prefab\\light\\directional.prefab"
  },
  "0cf30284-9073-46bc-9eba-e62b69dbbff3": {
    "asset": 1598864256589,
    "meta": 1598864256593,
    "relativePath": "prefab\\light\\point.prefab"
  },
  "f5331fd2-bf42-4ee3-a3fd-3e1657600eff": {
    "asset": 1598864256604,
    "meta": 1598864256608,
    "relativePath": "prefab\\light\\spot.prefab"
  },
  "ca8401fe-ad6e-41a8-bd46-8e3e4e9945be": {
    "asset": 1598864256621,
    "meta": 1598864256624,
    "relativePath": "prefab\\pageview.prefab"
  },
  "cd33edea-55f5-46c2-958d-357a01384a36": {
    "asset": 1598864256635,
    "meta": 1598864256639,
    "relativePath": "prefab\\particlesystem.prefab"
  },
  "5965ffac-69da-4b55-bcde-9225d0613c28": {
    "asset": 1598864256650,
    "meta": 1598864256654,
    "relativePath": "prefab\\progressBar.prefab"
  },
  "4a37dd57-78cd-4cec-aad4-f11a73d12b63": {
    "asset": 1598864256661,
    "meta": 1598864256664,
    "relativePath": "prefab\\richtext.prefab"
  },
  "32044bd2-481f-4cf1-a656-e2b2fb1594eb": {
    "asset": 1598864256672,
    "meta": 1598864256676,
    "relativePath": "prefab\\scrollview.prefab"
  },
  "0004d1cf-a0ad-47d8-ab17-34d3db9d35a3": {
    "asset": 1598864256684,
    "meta": 1598864256688,
    "relativePath": "prefab\\slider.prefab"
  },
  "1f55e3be-b89b-4b79-88de-47fd31018044": {
    "asset": 1598864256699,
    "meta": 1598864256703,
    "relativePath": "prefab\\sprite_splash.prefab"
  },
  "96083d03-c332-4a3f-9386-d03e2d19e8ee": {
    "asset": 1598864256728,
    "meta": 1598864256732,
    "relativePath": "prefab\\sprite.prefab"
  },
  "7de03a80-4457-438d-95a7-3e7cdffd6086": {
    "asset": 1598864256744,
    "meta": 1598864256748,
    "relativePath": "prefab\\tiledmap.prefab"
  },
  "0e42ba95-1fa1-46aa-b2cf-143cd1bcee2c": {
    "asset": 1598864256760,
    "meta": 1598864256763,
    "relativePath": "prefab\\tiledtile.prefab"
  },
  "0d784963-d024-4ea6-a7db-03be0ad63010": {
    "asset": 1598864256775,
    "meta": 1598864256780,
    "relativePath": "prefab\\toggle.prefab"
  },
  "bf0a434c-84dd-4a8e-a08a-7a36f180cc75": {
    "asset": 1598864256794,
    "meta": 1598864256798,
    "relativePath": "prefab\\toggleContainer.prefab"
  },
  "d1b8be49-b0a0-435c-83b7-552bed4bbe35": {
    "asset": 1598864256903,
    "meta": 1598864256907,
    "relativePath": "prefab\\toggleGroup.prefab"
  },
  "232d2782-c4bd-4bb4-9e01-909f03d6d3b9": {
    "asset": 1598864256924,
    "meta": 1598864256928,
    "relativePath": "prefab\\videoplayer.prefab"
  },
  "d8afc78c-4eac-4a9f-83dd-67bc70344d33": {
    "asset": 1595729449134,
    "meta": 1598864256972,
    "relativePath": "resources"
  },
  "294c1663-4adf-4a1e-a795-53808011a38a": {
    "asset": 1595729449125,
    "meta": 1598864256975,
    "relativePath": "resources\\effects"
  },
  "30682f87-9f0d-4f17-8a44-72863791461b": {
    "asset": 1595729449025,
    "meta": 1598864257018,
    "relativePath": "resources\\effects\\builtin-2d-graphics.effect"
  },
  "144c3297-af63-49e8-b8ef-1cfa29b3be28": {
    "asset": 1595729449034,
    "meta": 1598864257059,
    "relativePath": "resources\\effects\\builtin-2d-gray-sprite.effect"
  },
  "f18742d7-56d2-4eb5-ae49-2d9d710b37c8": {
    "asset": 1595729449047,
    "meta": 1598864257131,
    "relativePath": "resources\\effects\\builtin-2d-label.effect"
  },
  "0e93aeaa-0b53-4e40-b8e0-6268b4e07bd7": {
    "asset": 1595729449063,
    "meta": 1598864257194,
    "relativePath": "resources\\effects\\builtin-2d-spine.effect"
  },
  "2874f8dd-416c-4440-81b7-555975426e93": {
    "asset": 1595729449074,
    "meta": 1598864257304,
    "relativePath": "resources\\effects\\builtin-2d-sprite.effect"
  },
  "8c5001fd-07ee-4a4b-a8a0-63e15195e94d": {
    "asset": 1598864256964,
    "meta": 1598864256968,
    "relativePath": "prefab\\webview.prefab"
  },
  "829a282c-b049-4019-bd38-5ace8d8a6417": {
    "asset": 1595729449085,
    "meta": 1598864257860,
    "relativePath": "resources\\effects\\builtin-3d-particle.effect"
  },
  "2a7c0036-e0b3-4fe1-8998-89a54b8a2bec": {
    "asset": 1595729449096,
    "meta": 1598864257972,
    "relativePath": "resources\\effects\\builtin-3d-trail.effect"
  },
  "c0040c95-c57f-49cd-9cbc-12316b73d0d4": {
    "asset": 1595729449104,
    "meta": 1598864258003,
    "relativePath": "resources\\effects\\builtin-clear-stencil.effect"
  },
  "6d91e591-4ce0-465c-809f-610ec95019c6": {
    "asset": 1595729449121,
    "meta": 1598864258097,
    "relativePath": "resources\\effects\\builtin-unlit.effect"
  },
  "bbee2217-c261-49bd-a8ce-708d6bcc3500": {
    "asset": 1595729449235,
    "meta": 1598864258106,
    "relativePath": "resources\\materials"
  },
  "6f801092-0c37-4f30-89ef-c8d960825b36": {
    "asset": 1595729449140,
    "meta": 1598864258659,
    "relativePath": "resources\\materials\\builtin-2d-base.mtl"
  },
  "a153945d-2511-4c14-be7b-05d242f47d57": {
    "asset": 1595729449149,
    "meta": 1598864258663,
    "relativePath": "resources\\materials\\builtin-2d-graphics.mtl"
  },
  "3a7bb79f-32fd-422e-ada2-96f518fed422": {
    "asset": 1595729449158,
    "meta": 1598864258988,
    "relativePath": "resources\\materials\\builtin-2d-gray-sprite.mtl"
  },
  "e02d87d4-e599-4d16-8001-e14891ac6506": {
    "asset": 1595729449170,
    "meta": 1598864258993,
    "relativePath": "resources\\materials\\builtin-2d-label.mtl"
  },
  "7afd064b-113f-480e-b793-8817d19f63c3": {
    "asset": 1595729449183,
    "meta": 1598864259001,
    "relativePath": "resources\\materials\\builtin-2d-spine.mtl"
  },
  "eca5d2f2-8ef6-41c2-bbe6-f9c79d09c432": {
    "asset": 1595729449189,
    "meta": 1598864259006,
    "relativePath": "resources\\materials\\builtin-2d-sprite.mtl"
  },
  "432fa09c-cf03-4cff-a186-982604408a07": {
    "asset": 1595729449201,
    "meta": 1598864259013,
    "relativePath": "resources\\materials\\builtin-3d-particle.mtl"
  },
  "466d4f9b-e5f4-4ea8-85d5-3c6e9a65658a": {
    "asset": 1595729449208,
    "meta": 1598864259019,
    "relativePath": "resources\\materials\\builtin-3d-trail.mtl"
  },
  "cf7e0bb8-a81c-44a9-ad79-d28d43991032": {
    "asset": 1595729449220,
    "meta": 1598864259050,
    "relativePath": "resources\\materials\\builtin-clear-stencil.mtl"
  },
  "2a296057-247c-4a1c-bbeb-0548b6c98650": {
    "asset": 1595729449230,
    "meta": 1598864259059,
    "relativePath": "resources\\materials\\builtin-unlit.mtl"
  },
  "954fec8b-cd16-4bb9-a3b7-7719660e7558": {
    "asset": 1595729448594,
    "meta": 1598864272448,
    "relativePath": "model\\primitives.fbx"
  }
}