{
  "__type__": "cc.AnimationClip",
  "_name": "fox",
  "_objFlags": 0,
  "_native": "",
  "_duration": 0.35,
  "sample": 20,
  "speed": 1,
  "wrapMode": 2,
  "curveData": {
    "comps": {
      "cc.Sprite": {
        "spriteFrame": [
          {
            "frame": 0.05,
            "value": {
              "__uuid__": "30bb0216-60f2-45ea-9364-32db56ffb8ab"
            }
          },
          {
            "frame": 0.1,
            "value": {
              "__uuid__": "e1aebb8d-c76b-431b-b26c-4ca77f1443ec"
            }
          },
          {
            "frame": 0.15,
            "value": {
              "__uuid__": "0ca3bb6d-c515-4b6d-909c-91df145acf0c"
            }
          },
          {
            "frame": 0.2,
            "value": {
              "__uuid__": "250b2218-4e1f-4a14-b979-23ce77ee589f"
            }
          },
          {
            "frame": 0.25,
            "value": {
              "__uuid__": "3d08d3d0-1512-44d6-847b-17d16c677af2"
            }
          },
          {
            "frame": 0.3,
            "value": {
              "__uuid__": "a75ee30f-784a-4405-8a32-c868087279b0"
            }
          }
        ]
      }
    }
  },
  "events": []
}